organization_code,organization_full_name
Baltic_Cellulose_factory_committee,Baltijas Celulozes fabrikas komiteja
Communist_students_united_antifascist_struggle_committee,Komunistisko studentu vienota pretfašisma cīņas komiteja
Delka_factory_workers_committee,"Fabrikas ""Delka"" strādnieku komiteja"
Feldhuna_factory_unit_group,"""Feldhūna"" fabrikas vienības grupa"
Feldhuna_workers_unit_group,"""Feldhūna"" strādnieku vienības grupa"
KJI_Sarkana_forstadte,Komunistiskā Jaunatnes Internacionāle — Sarkanā forštadte
LDJS,Latvijas Darba jaunatnes savienība
LDJS_Auce_org,Latvijas Darba jaunatnes savienības Auces organizācija
LDJS_CK,Latvijas Darba jaunatnes savienības Centrālā komiteja
LDJS_Daugavpils_org_I_district_committee,Latvijas Darba jaunatnes savienības Daugavpils organizācijas I rajona komiteja
LDJS_II_district_committee,Latvijas Darba jaunatnes savienības II rajona komiteja
LDJS_Latgale_regional_committee,Latvijas Darba jaunatnes savienības Latgales apgabala komiteja
LDJS_Riga_committee,Latvijas Darba jaunatnes savienības Rīgas komiteja
LDJS_Riga_org_II_district_committee,Latvijas Darba jaunatnes savienības Rīgas pilsētas organizācijas II rajona komiteja
LKJS,Latvijas Komunistiskā jaunatnes savienība
LKJS_Bauska_district_committee,Latvijas Komunistiskās jaunatnes savienības Bauskas rajona komiteja
LKJS_Benes_district_committee,Latvijas Komunistiskās jaunatnes savienības Bēnes rajona komiteja
LKJS_CK,Latvijas Komunistiskās jaunatnes savienības Centrālā komiteja
LKJS_CK_LKJS_Latgale_regional_committee,Latvijas Komunistiskās jaunatnes savienības Centrālā komiteja un Latvijas Komunistiskās jaunatnes savienības Latgales apgabala komiteja
LKJS_CK_LKJS_Riga_committee,Latvijas Komunistiskās jaunatnes savienības Centrālā komiteja un Latvijas Komunistiskās jaunatnes savienības Rīgas komiteja
LKJS_CK_LKP_Riga_committee,Latvijas Komunistiskās jaunatnes savienības Centrālā komiteja un Latvijas Komunistiskās partijas Rīgas komiteja
LKJS_CK_LSJS_CK,Latvijas Komunistiskās jaunatnes savienības Centrālā komiteja un Latvijas Sociālistiskās jaunatnes savienības Centrālā komiteja
LKJS_Daugavpils_city_committee,Latvijas Komunistiskās jaunatnes savienības Daugavpils pilsētas komiteja
LKJS_Jurmala_district_committee,Latvijas Komunistiskās jaunatnes savienības Jūrmalas rajona komiteja
LKJS_LSJS_Riga_org_United_antifascist_committee,Latvijas Komunistiskās jaunatnes savienības un Latvijas Sociālistiskās jaunatnes savienības Rīgas organizāciju vienotās pretfašisma cīņas komiteja
LKJS_LSJS_Riga_students_united_struggle_committee,Latvijas Komunistiskās jaunatnes savienības un Latvijas Sociālistiskās jaunatnes savienības Rīgas skolēnu vienotās cīņas komiteja
LKJS_Riga_committee,Latvijas Komunistiskās jaunatnes savienības Rīgas komiteja
LKJS_Riga_org_III_district_committee,Latvijas Komunistiskās jaunatnes savienības Rīgas organizācijas III rajona komiteja
LKJS_Riga_org_IV_district_X_cell,Latvijas Komunistiskās jaunatnes savienības Rīgas organizācijas IV rajona X šūna
LKJS_Riga_org_IV_district_committee,Latvijas Komunistiskās jaunatnes savienības Rīgas organizācijas IV rajona komiteja
LKJS_Riga_org_IV_district_committee_LSJS_Riga_org_I_district_committee,Latvijas Komunistiskās jaunatnes savienības Rīgas organizācijas IV rajona un Latvijas Sociālistiskās jaunatnes savienības Rīgas organizācijas I rajona vienības komiteja
LKJS_Riga_org_I_district_tailors_cell,Latvijas Komunistiskās jaunatnes savienības Rīgas organizācijas 1. rajona drēbnieku šūna
LKJS_Riga_org_X_district_committee,Latvijas Komunistiskās jaunatnes savienības Rīgas organizācijas X rajona komiteja
LKJS_Riga_org_homeless_cell,Latvijas Komunistiskās jaunatnes savienības Rīgas organizācijas bezpajumtnieku šūna
LKJS_Riga_port_workers_cell,Latvijas Komunistiskās jaunatnes savienības Rīgas ostas strādnieku šūna
LKJS_Riga_textile_factory_Merino_cell,Latvijas Komunistiskās jaunatnes savienības Rīgas tekstilfabrikas «Merino» šūna
LKJS_VEF_cell,Latvijas Komunistiskās jaunatnes savienības VEFa šūna
LKJS_regional_and_city_committee,Latvijas Komunistiskās jaunatnes savienības apgabala un pilsētas komiteja
LKP,Latvijas Komunistiskā partija
LKP_CK,Latvijas Komunistiskās partijas Centrālā komiteja
LKP_CK_LKJS_CK,Latvijas Komunistiskās partijas Centrālā komiteja un Latvijas Komunistiskās jaunatnes savienības Centrālā komiteja
LKP_CK_LKJS_CK_LSSZP_CK_LSJS_CK,"Latvijas Komunistiskās partijas Centrālā komiteja, Latvijas Komunistiskās jaunatnes savienības Centrālā komiteja, Latvijas Sociālistiskās strādnieku un zemnieku partijas Centrālā komiteja un Latvijas Sociālistiskās jaunatnes savienības Centrālā komiteja"
LKP_CK_LKP_Riga_committee,Latvijas Komunistiskās partijas Centrālā komiteja un Latvijas Komunistiskās partijas Rīgas komiteja
LKP_CK_LSSZP_CK,Latvijas Komunistiskās partijas Centrālā komiteja un Latvijas Sociālistiskās strādnieku un zemnieku partijas Centrālā komiteja
LKP_CK_LSSZP_CK_LDJS_CK,"Latvijas Komunistiskās partijas Centrālā komiteja, Latvijas Sociālistiskās strādnieku un zemnieku partijas Centrālā komiteja un Latvijas Darba jaunatnes savienības Centrālā komiteja"
LKP_CK_Womens_center,Latvijas Komunistiskās partijas Centrālās komitejas Sieviešu centrs
LKP_Childrens_Hospital_cell,Latvijas Komunistiskās partijas Bērnu slimnīcas šūniņa
LKP_Daugavpils_city_committee,Latvijas Komunistiskās partijas Daugavpils pilsētas komiteja
LKP_Daugavpils_city_committee_LKJS_Daugavpils_city_committee,Latvijas Komunistiskās partijas Daugavpils pilsētas komiteja un Latvijas Komunistiskās jaunatnes savienības Daugavpils pilsētas komiteja
LKP_I_district,Latvijas Komunistiskās partijas I rajons
LKP_Karpatu_district_committee,Latvijas Komunistiskās partijas «Karpatu» rajona komiteja
LKP_LDJS_Latgale_regional_committee,Latvijas Komunistiskās partijas Latgales apgabala komiteja un Latvijas Darba jaunatnes savienības Latgales apgabala komiteja
LKP_LKJS,Latvijas Komunistiskā partija un Latvijas Komunistiskā jaunatnes savienība
LKP_LKJS_Daugavpils_city_committee,Latvijas Komunistiskās partijas Daugavpils pilsētas komiteja un Latvijas Komunistiskās jaunatnes savienības Daugavpils pilsētas komiteja
LKP_LKJS_LSSZP_LSJS_Ventspils_district_committee,"Latvijas Komunistiskās partijas, Latvijas Komunistiskās jaunatnes savienības, Latvijas Sociālistiskās strādnieku un zemnieku partijas un Latvijas Sociālistiskās jaunatnes savienības Ventspils rajona komitejas"
LKP_LKJS_Ventspils_district_committees,Latvijas Komunistiskās partijas un Latvijas Komunistiskās jaunatnes savienības Ventspils rajona komitejas
LKP_LSSZP_LDJS_Ventspils_regional_org,"Latvijas Komunistiskās partijas Ventspils apgabala organizācija, Latvijas Sociālistiskās strādnieku un zemnieku partijas Ventspils apgabala organizācija un Latvijas Darba jaunatnes savienības Ventspils apgabala organizācija"
LKP_LSSZP_LKJS_LSJS_VEF_unit_committee,"Latvijas Komunistiskās partijas, Latvijas Sociālistiskās strādnieku un zemnieku partijas, Latvijas Komunistiskās jaunatnes savienības un Latvijas Sociālistiskās jaunatnes savienības VEFa vienības komiteja"
LKP_LSSZP_Liepaja_org_committee,Latvijas Komunistiskās partijas Liepājas organizācijas komiteja un Latvijas Sociālistiskās strādnieku un zemnieku partijas Liepājas organizācijas komiteja
LKP_Latgale_org,Latvijas Komunistiskās partijas Latgales organizācija
LKP_Latgale_org_LDJS_Latgale_org,Latvijas Komunistiskās partijas Latgales organizācija un Latvijas Darba jaunatnes savienības Latgales organizācija
LKP_Latgale_regional_committee,Latvijas Komunistiskās partijas Latgales apgabala komiteja
LKP_Latgale_regional_committee_LDJS_Latgale_regional_committee,Latvijas Komunistiskās partijas Latgales apgabala komiteja un Latvijas Darba jaunatnes savienības Latgales apgabala komiteja
LKP_Latgale_regional_committee_LDJS_Latgale_regional_committee_Stalin_district_committee,"Latvijas Komunistiskās partijas Latgales apgabala komiteja, Latvijas Darba jaunatnes savienības Latgales apgabala komiteja un Staļina rajona komiteja"
LKP_Latgale_regional_committee_LKJS_Latgale_regional_committee,Latvijas Komunistiskās partijas Latgales apgabala komiteja un Latvijas Komunistiskās jaunatnes savienības Latgales apgabala komiteja
LKP_Lavke_committee,Latvijas Komunistiskās partijas Lavkes komiteja
LKP_Liepaja_city_committee,Latvijas Komunistiskās partijas Liepājas pilsētas komiteja
LKP_Liepaja_org_transport_workers_district,Latvijas Komunistiskās partijas Liepājas organizācijas transportstrādnieku rajons
LKP_Maliena_regional_committee,Latvijas Komunistiskās partijas Malienas apgabala komiteja
LKP_Presidium_LSSZP_CK,Latvijas Komunistiskās partijas prezidijs un Latvijas Sociālistiskās strādnieku un zemnieku partijas Centrālā komiteja
LKP_Riga_committee,Latvijas Komunistiskās partijas Rīgas komiteja
LKP_Riga_committee_LKJS_Riga_committee,Latvijas Komunistiskās partijas Rīgas komiteja un Latvijas Komunistiskās jaunatnes savienības Rīgas komiteja
LKP_Riga_committee_LKP_Riga_North_district_united_antifascist_struggle_committee,Latvijas Komunistiskās partijas Rīgas komiteja un Latvijas Komunistiskās partijas Rīgas organizācijas Ziemeļu rajona vienota pretfašisma cīņas komiteja
LKP_Riga_committee_LKP_Riga_org_North_district_committee,Latvijas Komunistiskās partijas Rīgas komiteja un Latvijas Komunistiskās partijas Rīgas organizācijas Ziemeļu rajona komiteja
LKP_Riga_committee_LSSZP_Riga_committee,Latvijas Komunistiskās partijas Rīgas komiteja un Latvijas Sociālistiskās strādnieku un zemnieku partijas Rīgas komiteja
LKP_Riga_committee_Left_trade_union_AllLatvia_center,Latvijas Komunistiskās partijas Rīgas komitejas un kreiso arodnieku Vislatvijas centrs
LKP_Riga_committee_Shoemakers_faction,Latvijas Komunistiskās partijas Rīgas komitejas apavnieku frakcija
LKP_Riga_committee_textile_workers_faction,Latvijas Komunistiskās partijas Rīgas komitejas tekstilstrādnieku frakcija
LKP_Riga_committee_textile_workers_section,Latvijas Komunistiskās partijas Rīgas komitejas tekstilstrādnieku sekcija
LKP_Riga_garrison_soldiers_org,Latvijas Komunistiskās partijas Rīgas garnizona kareivju organizācija
LKP_Riga_org_B_district_committee,Latvijas Komunistiskās partijas Rīgas organizācijas B rajona komiteja
LKP_Riga_org_Kirov_district_committee,Latvijas Komunistiskās partijas Rīgas organizācijas Kirova rajona komiteja
LKP_Riga_org_North_district_committee,Latvijas Komunistiskās partijas Rīgas organizācijas Ziemeļu rajona komiteja
LKP_Riga_org_West_district_committee,Latvijas Komunistiskās partijas Rīgas organizācijas Rietumu rajona komiteja
LKP_Riga_org_X_district_committee,Latvijas Komunistiskās partijas Rīgas organizācijas X rajona komiteja
LKP_Riga_org_students_faction,Latvijas Komunistiskās partijas Rīgas organizācijas studentu frakcija
LKP_Rujiena_district_committee,Latvijas Komunistiskās partijas Rūjienas rajona komiteja
LKP_Secretariat,Latvijas Komunistiskās partijas sekretariāts
LKP_Secretariat_LSSZP_CK,Latvijas Komunistiskās partijas sekretariāts un Latvijas Sociālistiskās strādnieku un zemnieku partijas Centrālā komiteja
LKP_Secretariat_LSSZP_CK_LDJS_CK,"Latvijas Komunistiskās partijas sekretariāts, Latvijas Sociālistiskās strādnieku un zemnieku partijas Centrālā komiteja un Latvijas Darba jaunatnes savienības Centrālā komiteja"
LKP_United_antifascist_committee,Latvijas Komunistiskā partija un Vienotās pretfašisma cīņas komiteja
LKP_Ventspils_district_committee_LKJS_Ventspils_district_committee,Latvijas Komunistiskās partijas Ventspils rajona komiteja un Latvijas Komunistiskās jaunatnes savienības Ventspils rajona komiteja
LKP_Ventspils_district_committee_unemployed_committee,Latvijas Komunistiskās partijas Ventspils rajona komiteja un bezdarbnieku komiteja
LKP_Vidienas_org_LKJS_Vidienas_org,Latvijas Komunistiskās partijas Vidienas organizācija un Latvijas Komunistiskās jaunatnes savienības Vidienas organizācija
LKP_Zemgale_org_Jelgava_district_committee,Latvijas Komunistiskās partijas Zemgales apgabala Jelgavas rajona komiteja
LKP_Zemgales_org_Jelgava_district_committee_LKJS_Zemgales_org_Jelgava_district_committee,Latvijas Komunistiskās partijas Zemgales apgabala organizācijas Jelgavas rajona komiteja un Latvijas Komunistiskās jaunatnes savienības Zemgales apgabala organizācijas Jelgavas rajona komiteja
LKP_faction_in_Latvian_railwaymen_union,Latvijas Komunistiskās partijas frakcija Latvijas dzelzceļnieku savienībā
LKP_shoemakers_faction,Latvijas Komunistiskās partijas apavnieku frakcija
LKP_soldiers_center,Latvijas Komunistiskās partijas kareivju centrs
LKP_soldiers_org,Latvijas Komunistiskās partijas kareivju organizācija
LKP_textile_workers_faction,Latvijas Komunistiskās partijas tekstilstrādnieku frakcija
LKP_woodworkers_faction,Latvijas Komunistiskās partijas kokstrādnieku frakcija
LKS,Latvijas Komjaunatnes savienība
LSJS,Latvijas Sociālistiskā jaunatnes savienība
LSJS_CK,Latvijas Sociālistiskās jaunatnes savienības Centrālā komiteja
LSJS_LKJS_Riga_org,Latvijas Sociālistiskās jaunatnes savienības Rīgas organizācija un Latvijas Komunistiskās jaunatnes savienības Rīgas organizācija
LSJS_LSSZP,Latvijas Sociālistiskā jaunatnes savienība un Latvijas Sociālistiskā strādnieku un zemnieku partija
LSJS_Riga_org_I_district_committee,Latvijas Sociālistiskās jaunatnes savienības Rīgas organizācijas I rajona komiteja
LSJS_Ziemelkurzeme_regional_committee,Latvijas Sociālistiskās jaunatnes savienības Ziemeļkurzemes apgabala komiteja
LSJS_students_struggle_committee,Latvijas Sociālistiskās jaunatnes savienības studentu cīņas komiteja
LSSZP,Latvijas Sociālistiskā strādnieku un zemnieku partija
LSSZP_CK,Latvijas Sociālistiskās strādnieku un zemnieku partijas Centrālā komiteja
LSSZP_CK_LDJS_CK,Latvijas Sociālistiskās strādnieku un zemnieku partijas Centrālā komiteja un Latvijas Darba jaunatnes savienības Centrālā komiteja
LSSZP_CK_LSJS_CK,Latvijas Sociālistiskās strādnieku un zemnieku partijas Centrālā komiteja un Latvijas Sociālistiskās jaunatnes savienības Centrālā komiteja
LSSZP_LDJS_LKP_Liepaja_org_committee,"Latvijas Sociālistiskās strādnieku un zemnieku partijas Liepājas organizācijas komiteja, Latvijas Darba jaunatnes savienības Liepājas organizācijas komiteja un Latvijas Komunistiskās partijas Liepājas organizācijas komiteja"
LSSZP_LKP_Riga_committee,Latvijas Sociālistiskās strādnieku un zemnieku partijas Rīgas komiteja un Latvijas Komunistiskās partijas Rīgas komiteja
LSSZP_Latvian_trade_workers,Latvijas Sociālistiskā strādnieku un zemnieku partija un Latvijas arodnieciskā strādniecība
Latvian_Revolutionary_Writers_Artists_Journalists_Association,"Latvijas Revolucionāro rakstnieku, mākslinieku un žurnālistu apvienība"
Latvian_Revolutionary_Writers_Artists_Journalists_Association_Central_Board,"Latvijas Revolucionāro rakstnieku, mākslinieku un žurnālistu apvienības Centrālā valde"
Latvian_Revolutionary_Writers_Poets_Artists_Association,"Latvijas Revolucionāro rakstnieku, dzejnieku un mākslinieku apvienība"
Latvian_United_Revolutionary_Writers_Artists_Journalists_Association_Central_Board,"Latvijas Apvienoto revolucionāro rakstnieku, mākslinieku un žurnālistu apvienības Centrālā valde"
Latvian_antifascist_intelligentsia,Latvijas pretfašistiskā inteliģence
Port_workers_unit_committee,Ostu strādnieku vienības komiteja
Revolutionary_metal_workers_committee,Revolucionāro strādnieku metālistu komiteja
Riga_port_workers_unit_committee,Rīgas ostas strādnieku vienības komiteja
Riga_textile_workers_unit_committee,Rīgas tekstilstrādnieku vienības komiteja
SP_CK,Latvijas Sarkanās Palīdzības Centrālā komiteja
SP_CK_SP_Riga_committee,Latvijas Sarkanās Palīdzības Centrālā komiteja un Latvijas Sarkanās Palīdzības Rīgas komiteja
SP_CK_revolutionary_writers_artists_journalists_union_progressive_intellectuals_doctors_teachers_lawyers_group,"Latvijas Sarkanās Palīdzības Centrālā komiteja, revolucionāro rakstnieku, mākslinieku un žurnālistu apvienības Centrālā valde, progresīvo inteliģentu apvienības un progresīvo ārstu, skolotāju un juristu grupa"
SP_Riga_org,Latvijas Sarkanās Palīdzības Rīgas organizācija
SP_Daugavpils_city_committee,Latvijas Sarkanās Palīdzības Daugavpils pilsētas komiteja
SP_Jelgava_prison_political_prisoners,Jelgavas cietuma politieslodzītie (Latvijas Sarkanā Palīdzība)
SP_Latgale_regional_committee,Latvijas Sarkanās Palīdzības Latgales apgabala komiteja
SP_Riga_committee,Latvijas Sarkanās Palīdzības Rīgas komiteja
SP_Riga_org_I_district_committee,Latvijas Sarkanās Palīdzības Rīgas organizācijas I rajona komiteja
Shoemakers_committee,Apavnieku komiteja
Shoemakers_unit_committee,Apavstrādnieku vienības komiteja
Socialdemocratic_Communist_workers_youth_united_struggle_committee,Sociāldemokrātisko un komunistisko strādnieku un jauniešu vienota cīņas komiteja
Spanish_Popular_Front_Daugavpils_aid_committee,Spāņu Tautas frontes Daugavpils palīdzības komiteja
United_antifascist_committee,Vienotās pretfašisma cīņas komiteja
Upes_cell,"""Upes"" šūniņa"
VEF_revolutionary_unit_committee,VEF revolucionārās vienības komiteja
Youth_Riga_committee,Jaunatnes Rīgas komiteja
[LKP_CK],Latvijas Komunistiskās partijas Centrālā komiteja [atribūcija nav droša]
